{
  "mean_dice": 0.8507479977607727,
  "std_dice": 0.05429835557490922,
  "mean_iou": 0.7441232895851135,
  "std_iou": 0.08152414654436181,
  "n_samples": 50
}