{
  "train_loss": [
    0.6502782678241052,
    0.5710297299520618,
    0.5236458785945389,
    0.48040379485503065,
    0.4324629208460677,
    0.37868783649454263,
    0.3169794632547398,
    0.2672962238492094,
    0.23114507705880905,
    0.19318242412684533,
    0.17584260148445363,
    0.1541866474042689,
    0.14722606299567947,
    0.13399850792691187,
    0.12283763210029167,
    0.12844812107948483,
    0.13161186785035328,
    0.11722728158087295,
    0.1133125120499715,
    0.11066732423257102,
    0.10469432981675349,
    0.10544192729527273,
    0.09935140680654098,
    0.09984572396287458,
    0.10232973567725438
  ],
  "val_loss": [
    0.591406592130661,
    0.5351855129003524,
    0.502018136382103,
    0.44250528573989867,
    0.39791964173316957,
    0.3395819169282913,
    0.2812985715270042,
    0.23367419302463532,
    0.19938279628753663,
    0.17486876606941223,
    0.1590413562953472,
    0.13873113200068474,
    0.12810393378138543,
    0.11500071056187153,
    0.11838732585310936,
    0.12142231158912181,
    0.12913849331438543,
    0.10726714096963405,
    0.10791612699627877,
    0.1012633891403675,
    0.11692304275929928,
    0.10183837689459324,
    0.09842191711068153,
    0.08728562630712985,
    0.08727699741721154
  ],
  "val_dice": [
    0.5878514371812343,
    0.6531195920705796,
    0.5077982828021049,
    0.7111143752932548,
    0.6720511668920517,
    0.7360772013664245,
    0.6893493908643723,
    0.7466976141929627,
    0.7605306223034859,
    0.7592045870423317,
    0.7749520641565323,
    0.7927076160907746,
    0.8014890456199646,
    0.82056556224823,
    0.8114897549152374,
    0.7983374691009522,
    0.7852860522270203,
    0.8245934867858886,
    0.8185454154014588,
    0.8307014501094818,
    0.7970092034339905,
    0.8273112714290619,
    0.8321146726608276,
    0.8507479977607727,
    0.8500013303756714
  ]
}